k,run_id,random_seed,dataset,inertia,silhouette,calinski_harabasz,inertia/samples,calinski_harabasz/samples,silhouette/samples
2,0,42,train,63574.306198869235,0.34259513534633657,5154.90188952976,7.879809890786965,0.6389318157572832,4.2463452571434874e-05
2,0,42,eval,20607.175656351035,0.3510259023204665,1758.61920327625,7.84437596359004,0.6694401230590978,0.00013362234576340558
2,1,42,train,63574.306198869235,0.34259513534633657,5154.90188952976,7.879809890786965,0.6389318157572832,4.2463452571434874e-05
2,1,42,eval,20607.175656351035,0.3510259023204665,1758.61920327625,7.84437596359004,0.6694401230590978,0.00013362234576340558
2,2,42,train,63574.306198869235,0.34259513534633657,5154.90188952976,7.879809890786965,0.6389318157572832,4.2463452571434874e-05
2,2,42,eval,20607.175656351035,0.3510259023204665,1758.61920327625,7.84437596359004,0.6694401230590978,0.00013362234576340558
2,3,42,train,63574.306198869235,0.34259513534633657,5154.90188952976,7.879809890786965,0.6389318157572832,4.2463452571434874e-05
2,3,42,eval,20607.175656351035,0.3510259023204665,1758.61920327625,7.84437596359004,0.6694401230590978,0.00013362234576340558
2,4,42,train,63574.306198869235,0.34259513534633657,5154.90188952976,7.879809890786965,0.6389318157572832,4.2463452571434874e-05
2,4,42,eval,20607.175656351035,0.3510259023204665,1758.61920327625,7.84437596359004,0.6694401230590978,0.00013362234576340558
2,5,42,train,63574.306198869235,0.34259513534633657,5154.90188952976,7.879809890786965,0.6389318157572832,4.2463452571434874e-05
2,5,42,eval,20607.175656351035,0.3510259023204665,1758.61920327625,7.84437596359004,0.6694401230590978,0.00013362234576340558
2,6,42,train,63574.306198869235,0.34259513534633657,5154.90188952976,7.879809890786965,0.6389318157572832,4.2463452571434874e-05
2,6,42,eval,20607.175656351035,0.3510259023204665,1758.61920327625,7.84437596359004,0.6694401230590978,0.00013362234576340558
2,7,42,train,63574.306198869235,0.34259513534633657,5154.90188952976,7.879809890786965,0.6389318157572832,4.2463452571434874e-05
2,7,42,eval,20607.175656351035,0.3510259023204665,1758.61920327625,7.84437596359004,0.6694401230590978,0.00013362234576340558
2,8,42,train,63574.306198869235,0.34259513534633657,5154.90188952976,7.879809890786965,0.6389318157572832,4.2463452571434874e-05
2,8,42,eval,20607.175656351035,0.3510259023204665,1758.61920327625,7.84437596359004,0.6694401230590978,0.00013362234576340558
2,9,42,train,63574.306198869235,0.34259513534633657,5154.90188952976,7.879809890786965,0.6389318157572832,4.2463452571434874e-05
2,9,42,eval,20607.175656351035,0.3510259023204665,1758.61920327625,7.84437596359004,0.6694401230590978,0.00013362234576340558
2,10,42,train,63574.306198869235,0.34259513534633657,5154.90188952976,7.879809890786965,0.6389318157572832,4.2463452571434874e-05
2,10,42,eval,20607.175656351035,0.3510259023204665,1758.61920327625,7.84437596359004,0.6694401230590978,0.00013362234576340558
2,11,42,train,63574.306198869235,0.34259513534633657,5154.90188952976,7.879809890786965,0.6389318157572832,4.2463452571434874e-05
2,11,42,eval,20607.175656351035,0.3510259023204665,1758.61920327625,7.84437596359004,0.6694401230590978,0.00013362234576340558
2,12,42,train,63574.306198869235,0.34259513534633657,5154.90188952976,7.879809890786965,0.6389318157572832,4.2463452571434874e-05
2,12,42,eval,20607.175656351035,0.3510259023204665,1758.61920327625,7.84437596359004,0.6694401230590978,0.00013362234576340558
2,13,42,train,63574.306198869235,0.34259513534633657,5154.90188952976,7.879809890786965,0.6389318157572832,4.2463452571434874e-05
2,13,42,eval,20607.175656351035,0.3510259023204665,1758.61920327625,7.84437596359004,0.6694401230590978,0.00013362234576340558
2,14,42,train,63574.306198869235,0.34259513534633657,5154.90188952976,7.879809890786965,0.6389318157572832,4.2463452571434874e-05
2,14,42,eval,20607.175656351035,0.3510259023204665,1758.61920327625,7.84437596359004,0.6694401230590978,0.00013362234576340558
2,15,42,train,63574.306198869235,0.34259513534633657,5154.90188952976,7.879809890786965,0.6389318157572832,4.2463452571434874e-05
2,15,42,eval,20607.175656351035,0.3510259023204665,1758.61920327625,7.84437596359004,0.6694401230590978,0.00013362234576340558
2,16,42,train,63574.306198869235,0.34259513534633657,5154.90188952976,7.879809890786965,0.6389318157572832,4.2463452571434874e-05
2,16,42,eval,20607.175656351035,0.3510259023204665,1758.61920327625,7.84437596359004,0.6694401230590978,0.00013362234576340558
2,17,42,train,63574.306198869235,0.34259513534633657,5154.90188952976,7.879809890786965,0.6389318157572832,4.2463452571434874e-05
2,17,42,eval,20607.175656351035,0.3510259023204665,1758.61920327625,7.84437596359004,0.6694401230590978,0.00013362234576340558
2,18,42,train,63574.306198869235,0.34259513534633657,5154.90188952976,7.879809890786965,0.6389318157572832,4.2463452571434874e-05
2,18,42,eval,20607.175656351035,0.3510259023204665,1758.61920327625,7.84437596359004,0.6694401230590978,0.00013362234576340558
2,19,42,train,63574.306198869235,0.34259513534633657,5154.90188952976,7.879809890786965,0.6389318157572832,4.2463452571434874e-05
2,19,42,eval,20607.175656351035,0.3510259023204665,1758.61920327625,7.84437596359004,0.6694401230590978,0.00013362234576340558
2,20,42,train,63574.306198869235,0.34259513534633657,5154.90188952976,7.879809890786965,0.6389318157572832,4.2463452571434874e-05
2,20,42,eval,20607.175656351035,0.3510259023204665,1758.61920327625,7.84437596359004,0.6694401230590978,0.00013362234576340558
2,21,42,train,63574.306198869235,0.34259513534633657,5154.90188952976,7.879809890786965,0.6389318157572832,4.2463452571434874e-05
2,21,42,eval,20607.175656351035,0.3510259023204665,1758.61920327625,7.84437596359004,0.6694401230590978,0.00013362234576340558
2,22,42,train,63574.306198869235,0.34259513534633657,5154.90188952976,7.879809890786965,0.6389318157572832,4.2463452571434874e-05
2,22,42,eval,20607.175656351035,0.3510259023204665,1758.61920327625,7.84437596359004,0.6694401230590978,0.00013362234576340558
2,23,42,train,63574.306198869235,0.34259513534633657,5154.90188952976,7.879809890786965,0.6389318157572832,4.2463452571434874e-05
2,23,42,eval,20607.175656351035,0.3510259023204665,1758.61920327625,7.84437596359004,0.6694401230590978,0.00013362234576340558
2,24,42,train,63574.306198869235,0.34259513534633657,5154.90188952976,7.879809890786965,0.6389318157572832,4.2463452571434874e-05
2,24,42,eval,20607.175656351035,0.3510259023204665,1758.61920327625,7.84437596359004,0.6694401230590978,0.00013362234576340558
2,25,42,train,63574.306198869235,0.34259513534633657,5154.90188952976,7.879809890786965,0.6389318157572832,4.2463452571434874e-05
2,25,42,eval,20607.175656351035,0.3510259023204665,1758.61920327625,7.84437596359004,0.6694401230590978,0.00013362234576340558
2,26,42,train,63574.306198869235,0.34259513534633657,5154.90188952976,7.879809890786965,0.6389318157572832,4.2463452571434874e-05
2,26,42,eval,20607.175656351035,0.3510259023204665,1758.61920327625,7.84437596359004,0.6694401230590978,0.00013362234576340558
2,27,42,train,63574.306198869235,0.34259513534633657,5154.90188952976,7.879809890786965,0.6389318157572832,4.2463452571434874e-05
2,27,42,eval,20607.175656351035,0.3510259023204665,1758.61920327625,7.84437596359004,0.6694401230590978,0.00013362234576340558
2,28,42,train,63574.306198869235,0.34259513534633657,5154.90188952976,7.879809890786965,0.6389318157572832,4.2463452571434874e-05
2,28,42,eval,20607.175656351035,0.3510259023204665,1758.61920327625,7.84437596359004,0.6694401230590978,0.00013362234576340558
2,29,42,train,63574.306198869235,0.34259513534633657,5154.90188952976,7.879809890786965,0.6389318157572832,4.2463452571434874e-05
2,29,42,eval,20607.175656351035,0.3510259023204665,1758.61920327625,7.84437596359004,0.6694401230590978,0.00013362234576340558
3,0,42,train,54553.701184970916,0.26817147516093187,3670.052188675193,6.761737876173886,0.4548899589334647,3.3238903713551295e-05
3,0,42,eval,17738.082890635953,0.2672817520528335,1234.1836691635704,6.752220361871318,0.4698072589126648,0.00010174410051497278
3,1,42,train,54553.701184970916,0.26817147516093187,3670.052188675193,6.761737876173886,0.4548899589334647,3.3238903713551295e-05
3,1,42,eval,17738.082890635953,0.2672817520528335,1234.1836691635704,6.752220361871318,0.4698072589126648,0.00010174410051497278
3,2,42,train,54553.701184970916,0.26817147516093187,3670.052188675193,6.761737876173886,0.4548899589334647,3.3238903713551295e-05
3,2,42,eval,17738.082890635953,0.2672817520528335,1234.1836691635704,6.752220361871318,0.4698072589126648,0.00010174410051497278
3,3,42,train,54553.701184970916,0.26817147516093187,3670.052188675193,6.761737876173886,0.4548899589334647,3.3238903713551295e-05
3,3,42,eval,17738.082890635953,0.2672817520528335,1234.1836691635704,6.752220361871318,0.4698072589126648,0.00010174410051497278
3,4,42,train,54553.701184970916,0.26817147516093187,3670.052188675193,6.761737876173886,0.4548899589334647,3.3238903713551295e-05
3,4,42,eval,17738.082890635953,0.2672817520528335,1234.1836691635704,6.752220361871318,0.4698072589126648,0.00010174410051497278
3,5,42,train,54553.70118497092,0.26817147516093187,3670.052188675193,6.761737876173887,0.4548899589334647,3.3238903713551295e-05
3,5,42,eval,17738.082890635953,0.2672817520528335,1234.1836691635704,6.752220361871318,0.4698072589126648,0.00010174410051497278
3,6,42,train,54553.701184970916,0.26817147516093187,3670.052188675193,6.761737876173886,0.4548899589334647,3.3238903713551295e-05
3,6,42,eval,17738.082890635953,0.2672817520528335,1234.1836691635704,6.752220361871318,0.4698072589126648,0.00010174410051497278
3,7,42,train,54553.701184970916,0.26817147516093187,3670.052188675193,6.761737876173886,0.4548899589334647,3.3238903713551295e-05
3,7,42,eval,17738.082890635953,0.2672817520528335,1234.1836691635704,6.752220361871318,0.4698072589126648,0.00010174410051497278
3,8,42,train,54553.701184970916,0.26817147516093187,3670.052188675193,6.761737876173886,0.4548899589334647,3.3238903713551295e-05
3,8,42,eval,17738.082890635953,0.2672817520528335,1234.1836691635704,6.752220361871318,0.4698072589126648,0.00010174410051497278
3,9,42,train,54553.70118497092,0.26817147516093187,3670.052188675193,6.761737876173887,0.4548899589334647,3.3238903713551295e-05
3,9,42,eval,17738.082890635953,0.2672817520528335,1234.1836691635704,6.752220361871318,0.4698072589126648,0.00010174410051497278
3,10,42,train,54553.70118497092,0.26817147516093187,3670.052188675193,6.761737876173887,0.4548899589334647,3.3238903713551295e-05
3,10,42,eval,17738.082890635953,0.2672817520528335,1234.1836691635704,6.752220361871318,0.4698072589126648,0.00010174410051497278
3,11,42,train,54553.701184970916,0.26817147516093187,3670.052188675193,6.761737876173886,0.4548899589334647,3.3238903713551295e-05
3,11,42,eval,17738.082890635953,0.2672817520528335,1234.1836691635704,6.752220361871318,0.4698072589126648,0.00010174410051497278
3,12,42,train,54553.70118497092,0.26817147516093187,3670.052188675193,6.761737876173887,0.4548899589334647,3.3238903713551295e-05
3,12,42,eval,17738.082890635953,0.2672817520528335,1234.1836691635704,6.752220361871318,0.4698072589126648,0.00010174410051497278
3,13,42,train,54553.70118497092,0.26817147516093187,3670.052188675193,6.761737876173887,0.4548899589334647,3.3238903713551295e-05
3,13,42,eval,17738.082890635953,0.2672817520528335,1234.1836691635704,6.752220361871318,0.4698072589126648,0.00010174410051497278
3,14,42,train,54553.701184970916,0.26817147516093187,3670.052188675193,6.761737876173886,0.4548899589334647,3.3238903713551295e-05
3,14,42,eval,17738.082890635953,0.2672817520528335,1234.1836691635704,6.752220361871318,0.4698072589126648,0.00010174410051497278
3,15,42,train,54553.70118497092,0.26817147516093187,3670.052188675193,6.761737876173887,0.4548899589334647,3.3238903713551295e-05
3,15,42,eval,17738.082890635953,0.2672817520528335,1234.1836691635704,6.752220361871318,0.4698072589126648,0.00010174410051497278
3,16,42,train,54553.701184970916,0.26817147516093187,3670.052188675193,6.761737876173886,0.4548899589334647,3.3238903713551295e-05
3,16,42,eval,17738.082890635953,0.2672817520528335,1234.1836691635704,6.752220361871318,0.4698072589126648,0.00010174410051497278
3,17,42,train,54553.701184970916,0.26817147516093187,3670.052188675193,6.761737876173886,0.4548899589334647,3.3238903713551295e-05
3,17,42,eval,17738.082890635953,0.2672817520528335,1234.1836691635704,6.752220361871318,0.4698072589126648,0.00010174410051497278
3,18,42,train,54553.701184970916,0.26817147516093187,3670.052188675193,6.761737876173886,0.4548899589334647,3.3238903713551295e-05
3,18,42,eval,17738.082890635953,0.2672817520528335,1234.1836691635704,6.752220361871318,0.4698072589126648,0.00010174410051497278
3,19,42,train,54553.701184970916,0.26817147516093187,3670.052188675193,6.761737876173886,0.4548899589334647,3.3238903713551295e-05
3,19,42,eval,17738.082890635953,0.2672817520528335,1234.1836691635704,6.752220361871318,0.4698072589126648,0.00010174410051497278
3,20,42,train,54553.701184970916,0.26817147516093187,3670.052188675193,6.761737876173886,0.4548899589334647,3.3238903713551295e-05
3,20,42,eval,17738.082890635953,0.2672817520528335,1234.1836691635704,6.752220361871318,0.4698072589126648,0.00010174410051497278
3,21,42,train,54553.70118497092,0.26817147516093187,3670.052188675193,6.761737876173887,0.4548899589334647,3.3238903713551295e-05
3,21,42,eval,17738.082890635953,0.2672817520528335,1234.1836691635704,6.752220361871318,0.4698072589126648,0.00010174410051497278
3,22,42,train,54553.701184970916,0.26817147516093187,3670.052188675193,6.761737876173886,0.4548899589334647,3.3238903713551295e-05
3,22,42,eval,17738.082890635953,0.2672817520528335,1234.1836691635704,6.752220361871318,0.4698072589126648,0.00010174410051497278
3,23,42,train,54553.701184970916,0.26817147516093187,3670.052188675193,6.761737876173886,0.4548899589334647,3.3238903713551295e-05
3,23,42,eval,17738.082890635953,0.2672817520528335,1234.1836691635704,6.752220361871318,0.4698072589126648,0.00010174410051497278
3,24,42,train,54553.70118497092,0.26817147516093187,3670.052188675193,6.761737876173887,0.4548899589334647,3.3238903713551295e-05
3,24,42,eval,17738.082890635953,0.2672817520528335,1234.1836691635704,6.752220361871318,0.4698072589126648,0.00010174410051497278
3,25,42,train,54553.701184970916,0.26817147516093187,3670.052188675193,6.761737876173886,0.4548899589334647,3.3238903713551295e-05
3,25,42,eval,17738.082890635953,0.2672817520528335,1234.1836691635704,6.752220361871318,0.4698072589126648,0.00010174410051497278
3,26,42,train,54553.701184970916,0.26817147516093187,3670.052188675193,6.761737876173886,0.4548899589334647,3.3238903713551295e-05
3,26,42,eval,17738.082890635953,0.2672817520528335,1234.1836691635704,6.752220361871318,0.4698072589126648,0.00010174410051497278
3,27,42,train,54553.701184970916,0.26817147516093187,3670.052188675193,6.761737876173886,0.4548899589334647,3.3238903713551295e-05
3,27,42,eval,17738.082890635953,0.2672817520528335,1234.1836691635704,6.752220361871318,0.4698072589126648,0.00010174410051497278
3,28,42,train,54553.701184970916,0.26817147516093187,3670.052188675193,6.761737876173886,0.4548899589334647,3.3238903713551295e-05
3,28,42,eval,17738.082890635953,0.2672817520528335,1234.1836691635704,6.752220361871318,0.4698072589126648,0.00010174410051497278
3,29,42,train,54553.701184970916,0.26817147516093187,3670.052188675193,6.761737876173886,0.4548899589334647,3.3238903713551295e-05
3,29,42,eval,17738.082890635953,0.2672817520528335,1234.1836691635704,6.752220361871318,0.4698072589126648,0.00010174410051497278
4,0,42,train,47030.60385004806,0.2577061978570561,3267.7053500706043,5.829276629901842,0.40502049455510714,3.1941769689768976e-05
4,0,42,eval,15201.123159503622,0.2563287208321311,1105.561627731385,5.786495302437618,0.42084569003859346,9.757469388356722e-05
4,1,42,train,47030.603850048064,0.2577061978570561,3267.7053500706043,5.829276629901843,0.40502049455510714,3.1941769689768976e-05
4,1,42,eval,15201.123159503622,0.2563287208321311,1105.561627731385,5.786495302437618,0.42084569003859346,9.757469388356722e-05
4,2,42,train,47030.60385004806,0.2577061978570561,3267.7053500706043,5.829276629901842,0.40502049455510714,3.1941769689768976e-05
4,2,42,eval,15201.123159503622,0.2563287208321311,1105.561627731385,5.786495302437618,0.42084569003859346,9.757469388356722e-05
4,3,42,train,47030.60385004806,0.2577061978570561,3267.7053500706043,5.829276629901842,0.40502049455510714,3.1941769689768976e-05
4,3,42,eval,15201.123159503622,0.2563287208321311,1105.561627731385,5.786495302437618,0.42084569003859346,9.757469388356722e-05
4,4,42,train,47030.603850048064,0.2577061978570561,3267.7053500706043,5.829276629901843,0.40502049455510714,3.1941769689768976e-05
4,4,42,eval,15201.123159503622,0.2563287208321311,1105.561627731385,5.786495302437618,0.42084569003859346,9.757469388356722e-05
4,5,42,train,47030.60385004806,0.2577061978570561,3267.7053500706043,5.829276629901842,0.40502049455510714,3.1941769689768976e-05
4,5,42,eval,15201.123159503622,0.2563287208321311,1105.561627731385,5.786495302437618,0.42084569003859346,9.757469388356722e-05
4,6,42,train,47030.60385004806,0.2577061978570561,3267.7053500706043,5.829276629901842,0.40502049455510714,3.1941769689768976e-05
4,6,42,eval,15201.123159503622,0.2563287208321311,1105.561627731385,5.786495302437618,0.42084569003859346,9.757469388356722e-05
4,7,42,train,47030.60385004806,0.2577061978570561,3267.7053500706043,5.829276629901842,0.40502049455510714,3.1941769689768976e-05
4,7,42,eval,15201.123159503622,0.2563287208321311,1105.561627731385,5.786495302437618,0.42084569003859346,9.757469388356722e-05
4,8,42,train,47030.603850048064,0.2577061978570561,3267.7053500706043,5.829276629901843,0.40502049455510714,3.1941769689768976e-05
4,8,42,eval,15201.123159503622,0.2563287208321311,1105.561627731385,5.786495302437618,0.42084569003859346,9.757469388356722e-05
4,9,42,train,47030.60385004806,0.2577061978570561,3267.7053500706043,5.829276629901842,0.40502049455510714,3.1941769689768976e-05
4,9,42,eval,15201.123159503622,0.2563287208321311,1105.561627731385,5.786495302437618,0.42084569003859346,9.757469388356722e-05
4,10,42,train,47030.60385004806,0.2577061978570561,3267.7053500706043,5.829276629901842,0.40502049455510714,3.1941769689768976e-05
4,10,42,eval,15201.123159503622,0.2563287208321311,1105.561627731385,5.786495302437618,0.42084569003859346,9.757469388356722e-05
4,11,42,train,47030.60385004806,0.2577061978570561,3267.7053500706043,5.829276629901842,0.40502049455510714,3.1941769689768976e-05
4,11,42,eval,15201.123159503622,0.2563287208321311,1105.561627731385,5.786495302437618,0.42084569003859346,9.757469388356722e-05
4,12,42,train,47030.603850048064,0.2577061978570561,3267.7053500706043,5.829276629901843,0.40502049455510714,3.1941769689768976e-05
4,12,42,eval,15201.123159503622,0.2563287208321311,1105.561627731385,5.786495302437618,0.42084569003859346,9.757469388356722e-05
4,13,42,train,47030.603850048064,0.2577061978570561,3267.7053500706043,5.829276629901843,0.40502049455510714,3.1941769689768976e-05
4,13,42,eval,15201.123159503622,0.2563287208321311,1105.561627731385,5.786495302437618,0.42084569003859346,9.757469388356722e-05
4,14,42,train,47030.60385004806,0.2577061978570561,3267.7053500706043,5.829276629901842,0.40502049455510714,3.1941769689768976e-05
4,14,42,eval,15201.123159503622,0.2563287208321311,1105.561627731385,5.786495302437618,0.42084569003859346,9.757469388356722e-05
4,15,42,train,47030.60385004806,0.2577061978570561,3267.7053500706043,5.829276629901842,0.40502049455510714,3.1941769689768976e-05
4,15,42,eval,15201.123159503622,0.2563287208321311,1105.561627731385,5.786495302437618,0.42084569003859346,9.757469388356722e-05
4,16,42,train,47030.60385004806,0.2577061978570561,3267.7053500706043,5.829276629901842,0.40502049455510714,3.1941769689768976e-05
4,16,42,eval,15201.123159503622,0.2563287208321311,1105.561627731385,5.786495302437618,0.42084569003859346,9.757469388356722e-05
4,17,42,train,47030.603850048064,0.2577061978570561,3267.7053500706043,5.829276629901843,0.40502049455510714,3.1941769689768976e-05
4,17,42,eval,15201.123159503622,0.2563287208321311,1105.561627731385,5.786495302437618,0.42084569003859346,9.757469388356722e-05
4,18,42,train,47030.60385004806,0.2577061978570561,3267.7053500706043,5.829276629901842,0.40502049455510714,3.1941769689768976e-05
4,18,42,eval,15201.123159503622,0.2563287208321311,1105.561627731385,5.786495302437618,0.42084569003859346,9.757469388356722e-05
4,19,42,train,47030.60385004806,0.2577061978570561,3267.7053500706043,5.829276629901842,0.40502049455510714,3.1941769689768976e-05
4,19,42,eval,15201.123159503622,0.2563287208321311,1105.561627731385,5.786495302437618,0.42084569003859346,9.757469388356722e-05
4,20,42,train,47030.60385004806,0.2577061978570561,3267.7053500706043,5.829276629901842,0.40502049455510714,3.1941769689768976e-05
4,20,42,eval,15201.123159503622,0.2563287208321311,1105.561627731385,5.786495302437618,0.42084569003859346,9.757469388356722e-05
4,21,42,train,47030.603850048064,0.2577061978570561,3267.7053500706043,5.829276629901843,0.40502049455510714,3.1941769689768976e-05
4,21,42,eval,15201.123159503622,0.2563287208321311,1105.561627731385,5.786495302437618,0.42084569003859346,9.757469388356722e-05
4,22,42,train,47030.60385004806,0.2577061978570561,3267.7053500706043,5.829276629901842,0.40502049455510714,3.1941769689768976e-05
4,22,42,eval,15201.123159503622,0.2563287208321311,1105.561627731385,5.786495302437618,0.42084569003859346,9.757469388356722e-05
4,23,42,train,47030.60385004806,0.2577061978570561,3267.7053500706043,5.829276629901842,0.40502049455510714,3.1941769689768976e-05
4,23,42,eval,15201.123159503622,0.2563287208321311,1105.561627731385,5.786495302437618,0.42084569003859346,9.757469388356722e-05
4,24,42,train,47030.60385004806,0.2577061978570561,3267.7053500706043,5.829276629901842,0.40502049455510714,3.1941769689768976e-05
4,24,42,eval,15201.123159503622,0.2563287208321311,1105.561627731385,5.786495302437618,0.42084569003859346,9.757469388356722e-05
4,25,42,train,47030.60385004806,0.2577061978570561,3267.7053500706043,5.829276629901842,0.40502049455510714,3.1941769689768976e-05
4,25,42,eval,15201.123159503622,0.2563287208321311,1105.561627731385,5.786495302437618,0.42084569003859346,9.757469388356722e-05
4,26,42,train,47030.603850048064,0.2577061978570561,3267.7053500706043,5.829276629901843,0.40502049455510714,3.1941769689768976e-05
4,26,42,eval,15201.123159503622,0.2563287208321311,1105.561627731385,5.786495302437618,0.42084569003859346,9.757469388356722e-05
4,27,42,train,47030.603850048064,0.2577061978570561,3267.7053500706043,5.829276629901843,0.40502049455510714,3.1941769689768976e-05
4,27,42,eval,15201.123159503622,0.2563287208321311,1105.561627731385,5.786495302437618,0.42084569003859346,9.757469388356722e-05
4,28,42,train,47030.60385004806,0.2577061978570561,3267.7053500706043,5.829276629901842,0.40502049455510714,3.1941769689768976e-05
4,28,42,eval,15201.123159503622,0.2563287208321311,1105.561627731385,5.786495302437618,0.42084569003859346,9.757469388356722e-05
4,29,42,train,47030.60385004806,0.2577061978570561,3267.7053500706043,5.829276629901842,0.40502049455510714,3.1941769689768976e-05
4,29,42,eval,15201.123159503622,0.2563287208321311,1105.561627731385,5.786495302437618,0.42084569003859346,9.757469388356722e-05
5,0,42,train,41536.07696951859,0.26788866724997557,3041.2818273679063,5.148249500436116,0.37695610155774745,3.320385067550515e-05
5,0,42,eval,13422.324474815272,0.267829606167738,1026.74025761077,5.109373610512095,0.390841361861732,0.00010195264795117548
5,1,42,train,41536.07696951859,0.26788866724997557,3041.2818273679063,5.148249500436116,0.37695610155774745,3.320385067550515e-05
5,1,42,eval,13422.324474815274,0.267829606167738,1026.74025761077,5.109373610512095,0.390841361861732,0.00010195264795117548
5,2,42,train,41536.07696951859,0.26788866724997557,3041.2818273679063,5.148249500436116,0.37695610155774745,3.320385067550515e-05
5,2,42,eval,13422.324474815272,0.267829606167738,1026.74025761077,5.109373610512095,0.390841361861732,0.00010195264795117548
5,3,42,train,41536.07696951859,0.26788866724997557,3041.2818273679063,5.148249500436116,0.37695610155774745,3.320385067550515e-05
5,3,42,eval,13422.324474815272,0.267829606167738,1026.74025761077,5.109373610512095,0.390841361861732,0.00010195264795117548
5,4,42,train,41536.07696951859,0.26788866724997557,3041.2818273679063,5.148249500436116,0.37695610155774745,3.320385067550515e-05
5,4,42,eval,13422.324474815272,0.267829606167738,1026.74025761077,5.109373610512095,0.390841361861732,0.00010195264795117548
5,5,42,train,41536.07696951859,0.26788866724997557,3041.2818273679063,5.148249500436116,0.37695610155774745,3.320385067550515e-05
5,5,42,eval,13422.324474815272,0.267829606167738,1026.74025761077,5.109373610512095,0.390841361861732,0.00010195264795117548
5,6,42,train,41536.07696951859,0.26788866724997557,3041.2818273679063,5.148249500436116,0.37695610155774745,3.320385067550515e-05
5,6,42,eval,13422.324474815272,0.267829606167738,1026.74025761077,5.109373610512095,0.390841361861732,0.00010195264795117548
5,7,42,train,41536.07696951859,0.26788866724997557,3041.2818273679063,5.148249500436116,0.37695610155774745,3.320385067550515e-05
5,7,42,eval,13422.324474815272,0.267829606167738,1026.74025761077,5.109373610512095,0.390841361861732,0.00010195264795117548
5,8,42,train,41536.07696951859,0.26788866724997557,3041.2818273679063,5.148249500436116,0.37695610155774745,3.320385067550515e-05
5,8,42,eval,13422.324474815272,0.267829606167738,1026.74025761077,5.109373610512095,0.390841361861732,0.00010195264795117548
5,9,42,train,41536.07696951859,0.26788866724997557,3041.2818273679063,5.148249500436116,0.37695610155774745,3.320385067550515e-05
5,9,42,eval,13422.324474815272,0.267829606167738,1026.74025761077,5.109373610512095,0.390841361861732,0.00010195264795117548
5,10,42,train,41536.07696951859,0.26788866724997557,3041.2818273679063,5.148249500436116,0.37695610155774745,3.320385067550515e-05
5,10,42,eval,13422.324474815272,0.267829606167738,1026.74025761077,5.109373610512095,0.390841361861732,0.00010195264795117548
5,11,42,train,41536.07696951859,0.26788866724997557,3041.2818273679063,5.148249500436116,0.37695610155774745,3.320385067550515e-05
5,11,42,eval,13422.324474815272,0.267829606167738,1026.74025761077,5.109373610512095,0.390841361861732,0.00010195264795117548
5,12,42,train,41536.07696951859,0.26788866724997557,3041.2818273679063,5.148249500436116,0.37695610155774745,3.320385067550515e-05
5,12,42,eval,13422.324474815272,0.267829606167738,1026.74025761077,5.109373610512095,0.390841361861732,0.00010195264795117548
5,13,42,train,41536.07696951859,0.26788866724997557,3041.2818273679063,5.148249500436116,0.37695610155774745,3.320385067550515e-05
5,13,42,eval,13422.324474815272,0.267829606167738,1026.74025761077,5.109373610512095,0.390841361861732,0.00010195264795117548
5,14,42,train,41536.07696951859,0.26788866724997557,3041.2818273679063,5.148249500436116,0.37695610155774745,3.320385067550515e-05
5,14,42,eval,13422.324474815272,0.267829606167738,1026.74025761077,5.109373610512095,0.390841361861732,0.00010195264795117548
5,15,42,train,41536.07696951859,0.26788866724997557,3041.2818273679063,5.148249500436116,0.37695610155774745,3.320385067550515e-05
5,15,42,eval,13422.324474815274,0.267829606167738,1026.74025761077,5.109373610512095,0.390841361861732,0.00010195264795117548
5,16,42,train,41536.07696951858,0.26788866724997557,3041.2818273679063,5.1482495004361155,0.37695610155774745,3.320385067550515e-05
5,16,42,eval,13422.324474815272,0.267829606167738,1026.74025761077,5.109373610512095,0.390841361861732,0.00010195264795117548
5,17,42,train,41536.07696951859,0.26788866724997557,3041.2818273679063,5.148249500436116,0.37695610155774745,3.320385067550515e-05
5,17,42,eval,13422.324474815272,0.267829606167738,1026.74025761077,5.109373610512095,0.390841361861732,0.00010195264795117548
5,18,42,train,41536.07696951859,0.26788866724997557,3041.2818273679063,5.148249500436116,0.37695610155774745,3.320385067550515e-05
5,18,42,eval,13422.324474815272,0.267829606167738,1026.74025761077,5.109373610512095,0.390841361861732,0.00010195264795117548
5,19,42,train,41536.07696951859,0.26788866724997557,3041.2818273679063,5.148249500436116,0.37695610155774745,3.320385067550515e-05
5,19,42,eval,13422.324474815272,0.267829606167738,1026.74025761077,5.109373610512095,0.390841361861732,0.00010195264795117548
5,20,42,train,41536.07696951859,0.26788866724997557,3041.2818273679063,5.148249500436116,0.37695610155774745,3.320385067550515e-05
5,20,42,eval,13422.324474815272,0.267829606167738,1026.74025761077,5.109373610512095,0.390841361861732,0.00010195264795117548
5,21,42,train,41536.07696951857,0.26788866724997557,3041.2818273679063,5.148249500436115,0.37695610155774745,3.320385067550515e-05
5,21,42,eval,13422.324474815272,0.267829606167738,1026.74025761077,5.109373610512095,0.390841361861732,0.00010195264795117548
5,22,42,train,41536.07696951859,0.26788866724997557,3041.2818273679063,5.148249500436116,0.37695610155774745,3.320385067550515e-05
5,22,42,eval,13422.324474815272,0.267829606167738,1026.74025761077,5.109373610512095,0.390841361861732,0.00010195264795117548
5,23,42,train,41536.07696951858,0.26788866724997557,3041.2818273679063,5.1482495004361155,0.37695610155774745,3.320385067550515e-05
5,23,42,eval,13422.324474815272,0.267829606167738,1026.74025761077,5.109373610512095,0.390841361861732,0.00010195264795117548
5,24,42,train,41536.07696951859,0.26788866724997557,3041.2818273679063,5.148249500436116,0.37695610155774745,3.320385067550515e-05
5,24,42,eval,13422.324474815272,0.267829606167738,1026.74025761077,5.109373610512095,0.390841361861732,0.00010195264795117548
5,25,42,train,41536.07696951859,0.26788866724997557,3041.2818273679063,5.148249500436116,0.37695610155774745,3.320385067550515e-05
5,25,42,eval,13422.324474815272,0.267829606167738,1026.74025761077,5.109373610512095,0.390841361861732,0.00010195264795117548
5,26,42,train,41536.07696951859,0.26788866724997557,3041.2818273679063,5.148249500436116,0.37695610155774745,3.320385067550515e-05
5,26,42,eval,13422.324474815272,0.267829606167738,1026.74025761077,5.109373610512095,0.390841361861732,0.00010195264795117548
5,27,42,train,41536.07696951859,0.26788866724997557,3041.2818273679063,5.148249500436116,0.37695610155774745,3.320385067550515e-05
5,27,42,eval,13422.324474815272,0.267829606167738,1026.74025761077,5.109373610512095,0.390841361861732,0.00010195264795117548
5,28,42,train,41536.07696951859,0.26788866724997557,3041.2818273679063,5.148249500436116,0.37695610155774745,3.320385067550515e-05
5,28,42,eval,13422.324474815272,0.267829606167738,1026.74025761077,5.109373610512095,0.390841361861732,0.00010195264795117548
5,29,42,train,41536.07696951859,0.26788866724997557,3041.2818273679063,5.148249500436116,0.37695610155774745,3.320385067550515e-05
5,29,42,eval,13422.324474815272,0.267829606167738,1026.74025761077,5.109373610512095,0.390841361861732,0.00010195264795117548
6,0,42,train,38110.99441376445,0.25471819302726606,2796.265747925416,4.723722659118053,0.34658722706066136,3.157141708320105e-05
6,0,42,eval,12353.337523567718,0.2552024843925614,937.9664779777676,4.702450522865519,0.3570485260669081,9.71459780710169e-05
6,1,42,train,38110.99441376445,0.25471819302726606,2796.265747925416,4.723722659118053,0.34658722706066136,3.157141708320105e-05
6,1,42,eval,12353.337523567718,0.2552024843925614,937.9664779777676,4.702450522865519,0.3570485260669081,9.71459780710169e-05
6,2,42,train,38110.99441376445,0.25471819302726606,2796.265747925416,4.723722659118053,0.34658722706066136,3.157141708320105e-05
6,2,42,eval,12353.337523567718,0.2552024843925614,937.9664779777676,4.702450522865519,0.3570485260669081,9.71459780710169e-05
6,3,42,train,38110.99441376445,0.25471819302726606,2796.265747925416,4.723722659118053,0.34658722706066136,3.157141708320105e-05
6,3,42,eval,12353.337523567718,0.2552024843925614,937.9664779777676,4.702450522865519,0.3570485260669081,9.71459780710169e-05
6,4,42,train,38110.99441376445,0.25471819302726606,2796.265747925416,4.723722659118053,0.34658722706066136,3.157141708320105e-05
6,4,42,eval,12353.337523567718,0.2552024843925614,937.9664779777676,4.702450522865519,0.3570485260669081,9.71459780710169e-05
6,5,42,train,38110.99441376445,0.25471819302726606,2796.265747925416,4.723722659118053,0.34658722706066136,3.157141708320105e-05
6,5,42,eval,12353.337523567718,0.2552024843925614,937.9664779777676,4.702450522865519,0.3570485260669081,9.71459780710169e-05
6,6,42,train,38110.99441376445,0.25471819302726606,2796.265747925416,4.723722659118053,0.34658722706066136,3.157141708320105e-05
6,6,42,eval,12353.337523567718,0.2552024843925614,937.9664779777676,4.702450522865519,0.3570485260669081,9.71459780710169e-05
6,7,42,train,38110.99441376445,0.25471819302726606,2796.265747925416,4.723722659118053,0.34658722706066136,3.157141708320105e-05
6,7,42,eval,12353.337523567718,0.2552024843925614,937.9664779777676,4.702450522865519,0.3570485260669081,9.71459780710169e-05
6,8,42,train,38110.99441376445,0.25471819302726606,2796.265747925416,4.723722659118053,0.34658722706066136,3.157141708320105e-05
6,8,42,eval,12353.337523567718,0.2552024843925614,937.9664779777676,4.702450522865519,0.3570485260669081,9.71459780710169e-05
6,9,42,train,38110.99441376445,0.25471819302726606,2796.265747925416,4.723722659118053,0.34658722706066136,3.157141708320105e-05
6,9,42,eval,12353.337523567718,0.2552024843925614,937.9664779777676,4.702450522865519,0.3570485260669081,9.71459780710169e-05
6,10,42,train,38110.99441376445,0.25471819302726606,2796.265747925416,4.723722659118053,0.34658722706066136,3.157141708320105e-05
6,10,42,eval,12353.337523567718,0.2552024843925614,937.9664779777676,4.702450522865519,0.3570485260669081,9.71459780710169e-05
6,11,42,train,38110.99441376445,0.25471819302726606,2796.265747925416,4.723722659118053,0.34658722706066136,3.157141708320105e-05
6,11,42,eval,12353.337523567718,0.2552024843925614,937.9664779777676,4.702450522865519,0.3570485260669081,9.71459780710169e-05
6,12,42,train,38110.99441376445,0.25471819302726606,2796.265747925416,4.723722659118053,0.34658722706066136,3.157141708320105e-05
6,12,42,eval,12353.337523567718,0.2552024843925614,937.9664779777676,4.702450522865519,0.3570485260669081,9.71459780710169e-05
6,13,42,train,38110.99441376445,0.25471819302726606,2796.265747925416,4.723722659118053,0.34658722706066136,3.157141708320105e-05
6,13,42,eval,12353.337523567718,0.2552024843925614,937.9664779777676,4.702450522865519,0.3570485260669081,9.71459780710169e-05
6,14,42,train,38110.99441376445,0.25471819302726606,2796.265747925416,4.723722659118053,0.34658722706066136,3.157141708320105e-05
6,14,42,eval,12353.337523567718,0.2552024843925614,937.9664779777676,4.702450522865519,0.3570485260669081,9.71459780710169e-05
6,15,42,train,38110.99441376445,0.25471819302726606,2796.265747925416,4.723722659118053,0.34658722706066136,3.157141708320105e-05
6,15,42,eval,12353.337523567718,0.2552024843925614,937.9664779777676,4.702450522865519,0.3570485260669081,9.71459780710169e-05
6,16,42,train,38110.99441376445,0.25471819302726606,2796.265747925416,4.723722659118053,0.34658722706066136,3.157141708320105e-05
6,16,42,eval,12353.337523567718,0.2552024843925614,937.9664779777676,4.702450522865519,0.3570485260669081,9.71459780710169e-05
6,17,42,train,38110.99441376445,0.25471819302726606,2796.265747925416,4.723722659118053,0.34658722706066136,3.157141708320105e-05
6,17,42,eval,12353.337523567718,0.2552024843925614,937.9664779777676,4.702450522865519,0.3570485260669081,9.71459780710169e-05
6,18,42,train,38110.99441376445,0.25471819302726606,2796.265747925416,4.723722659118053,0.34658722706066136,3.157141708320105e-05
6,18,42,eval,12353.337523567718,0.2552024843925614,937.9664779777676,4.702450522865519,0.3570485260669081,9.71459780710169e-05
6,19,42,train,38110.99441376445,0.25471819302726606,2796.265747925416,4.723722659118053,0.34658722706066136,3.157141708320105e-05
6,19,42,eval,12353.337523567718,0.2552024843925614,937.9664779777676,4.702450522865519,0.3570485260669081,9.71459780710169e-05
6,20,42,train,38110.99441376445,0.25471819302726606,2796.265747925416,4.723722659118053,0.34658722706066136,3.157141708320105e-05
6,20,42,eval,12353.337523567718,0.2552024843925614,937.9664779777676,4.702450522865519,0.3570485260669081,9.71459780710169e-05
6,21,42,train,38110.99441376445,0.25471819302726606,2796.265747925416,4.723722659118053,0.34658722706066136,3.157141708320105e-05
6,21,42,eval,12353.337523567718,0.2552024843925614,937.9664779777676,4.702450522865519,0.3570485260669081,9.71459780710169e-05
6,22,42,train,38110.99441376445,0.25471819302726606,2796.265747925416,4.723722659118053,0.34658722706066136,3.157141708320105e-05
6,22,42,eval,12353.337523567718,0.2552024843925614,937.9664779777676,4.702450522865519,0.3570485260669081,9.71459780710169e-05
6,23,42,train,38110.99441376445,0.25471819302726606,2796.265747925416,4.723722659118053,0.34658722706066136,3.157141708320105e-05
6,23,42,eval,12353.337523567718,0.2552024843925614,937.9664779777676,4.702450522865519,0.3570485260669081,9.71459780710169e-05
6,24,42,train,38110.99441376445,0.25471819302726606,2796.265747925416,4.723722659118053,0.34658722706066136,3.157141708320105e-05
6,24,42,eval,12353.337523567718,0.2552024843925614,937.9664779777676,4.702450522865519,0.3570485260669081,9.71459780710169e-05
6,25,42,train,38110.99441376445,0.25471819302726606,2796.265747925416,4.723722659118053,0.34658722706066136,3.157141708320105e-05
6,25,42,eval,12353.337523567718,0.2552024843925614,937.9664779777676,4.702450522865519,0.3570485260669081,9.71459780710169e-05
6,26,42,train,38110.99441376445,0.25471819302726606,2796.265747925416,4.723722659118053,0.34658722706066136,3.157141708320105e-05
6,26,42,eval,12353.337523567718,0.2552024843925614,937.9664779777676,4.702450522865519,0.3570485260669081,9.71459780710169e-05
6,27,42,train,38110.99441376445,0.25471819302726606,2796.265747925416,4.723722659118053,0.34658722706066136,3.157141708320105e-05
6,27,42,eval,12353.337523567718,0.2552024843925614,937.9664779777676,4.702450522865519,0.3570485260669081,9.71459780710169e-05
6,28,42,train,38110.99441376445,0.25471819302726606,2796.265747925416,4.723722659118053,0.34658722706066136,3.157141708320105e-05
6,28,42,eval,12353.337523567718,0.2552024843925614,937.9664779777676,4.702450522865519,0.3570485260669081,9.71459780710169e-05
6,29,42,train,38110.99441376445,0.25471819302726606,2796.265747925416,4.723722659118053,0.34658722706066136,3.157141708320105e-05
6,29,42,eval,12353.337523567718,0.2552024843925614,937.9664779777676,4.702450522865519,0.3570485260669081,9.71459780710169e-05
7,0,42,train,35396.112509537284,0.22424395442659986,2611.6865623230287,4.3872226709887565,0.32370929131420784,2.7794243235820508e-05
7,0,42,eval,11503.386659032734,0.22406160971043576,872.1066958625972,4.378906227267885,0.33197818647224864,8.529181945581872e-05
7,1,42,train,35396.112509537284,0.22424395442659986,2611.6865623230287,4.3872226709887565,0.32370929131420784,2.7794243235820508e-05
7,1,42,eval,11503.386659032734,0.22406160971043576,872.1066958625972,4.378906227267885,0.33197818647224864,8.529181945581872e-05
7,2,42,train,35396.112509537284,0.22424395442659986,2611.6865623230287,4.3872226709887565,0.32370929131420784,2.7794243235820508e-05
7,2,42,eval,11503.386659032734,0.22406160971043576,872.1066958625972,4.378906227267885,0.33197818647224864,8.529181945581872e-05
7,3,42,train,35396.112509537284,0.22424395442659986,2611.6865623230287,4.3872226709887565,0.32370929131420784,2.7794243235820508e-05
7,3,42,eval,11503.386659032734,0.22406160971043576,872.1066958625972,4.378906227267885,0.33197818647224864,8.529181945581872e-05
7,4,42,train,35396.112509537284,0.22424395442659986,2611.6865623230287,4.3872226709887565,0.32370929131420784,2.7794243235820508e-05
7,4,42,eval,11503.386659032734,0.22406160971043576,872.1066958625972,4.378906227267885,0.33197818647224864,8.529181945581872e-05
7,5,42,train,35396.112509537284,0.22424395442659986,2611.6865623230287,4.3872226709887565,0.32370929131420784,2.7794243235820508e-05
7,5,42,eval,11503.386659032734,0.22406160971043576,872.1066958625972,4.378906227267885,0.33197818647224864,8.529181945581872e-05
7,6,42,train,35396.112509537284,0.22424395442659986,2611.6865623230287,4.3872226709887565,0.32370929131420784,2.7794243235820508e-05
7,6,42,eval,11503.386659032734,0.22406160971043576,872.1066958625972,4.378906227267885,0.33197818647224864,8.529181945581872e-05
7,7,42,train,35396.112509537284,0.22424395442659986,2611.6865623230287,4.3872226709887565,0.32370929131420784,2.7794243235820508e-05
7,7,42,eval,11503.386659032734,0.22406160971043576,872.1066958625972,4.378906227267885,0.33197818647224864,8.529181945581872e-05
7,8,42,train,35396.112509537284,0.22424395442659986,2611.6865623230287,4.3872226709887565,0.32370929131420784,2.7794243235820508e-05
7,8,42,eval,11503.386659032734,0.22406160971043576,872.1066958625972,4.378906227267885,0.33197818647224864,8.529181945581872e-05
7,9,42,train,35396.112509537284,0.22424395442659986,2611.6865623230287,4.3872226709887565,0.32370929131420784,2.7794243235820508e-05
7,9,42,eval,11503.386659032734,0.22406160971043576,872.1066958625972,4.378906227267885,0.33197818647224864,8.529181945581872e-05
7,10,42,train,35396.112509537284,0.22424395442659986,2611.6865623230287,4.3872226709887565,0.32370929131420784,2.7794243235820508e-05
7,10,42,eval,11503.386659032734,0.22406160971043576,872.1066958625972,4.378906227267885,0.33197818647224864,8.529181945581872e-05
7,11,42,train,35396.112509537284,0.22424395442659986,2611.6865623230287,4.3872226709887565,0.32370929131420784,2.7794243235820508e-05
7,11,42,eval,11503.386659032734,0.22406160971043576,872.1066958625972,4.378906227267885,0.33197818647224864,8.529181945581872e-05
7,12,42,train,35396.112509537284,0.22424395442659986,2611.6865623230287,4.3872226709887565,0.32370929131420784,2.7794243235820508e-05
7,12,42,eval,11503.386659032734,0.22406160971043576,872.1066958625972,4.378906227267885,0.33197818647224864,8.529181945581872e-05
7,13,42,train,35396.112509537284,0.22424395442659986,2611.6865623230287,4.3872226709887565,0.32370929131420784,2.7794243235820508e-05
7,13,42,eval,11503.386659032734,0.22406160971043576,872.1066958625972,4.378906227267885,0.33197818647224864,8.529181945581872e-05
7,14,42,train,35396.112509537284,0.22424395442659986,2611.6865623230287,4.3872226709887565,0.32370929131420784,2.7794243235820508e-05
7,14,42,eval,11503.386659032734,0.22406160971043576,872.1066958625972,4.378906227267885,0.33197818647224864,8.529181945581872e-05
7,15,42,train,35396.112509537284,0.22424395442659986,2611.6865623230287,4.3872226709887565,0.32370929131420784,2.7794243235820508e-05
7,15,42,eval,11503.386659032734,0.22406160971043576,872.1066958625972,4.378906227267885,0.33197818647224864,8.529181945581872e-05
7,16,42,train,35396.112509537284,0.22424395442659986,2611.6865623230287,4.3872226709887565,0.32370929131420784,2.7794243235820508e-05
7,16,42,eval,11503.386659032734,0.22406160971043576,872.1066958625972,4.378906227267885,0.33197818647224864,8.529181945581872e-05
7,17,42,train,35396.112509537284,0.22424395442659986,2611.6865623230287,4.3872226709887565,0.32370929131420784,2.7794243235820508e-05
7,17,42,eval,11503.386659032734,0.22406160971043576,872.1066958625972,4.378906227267885,0.33197818647224864,8.529181945581872e-05
7,18,42,train,35396.112509537284,0.22424395442659986,2611.6865623230287,4.3872226709887565,0.32370929131420784,2.7794243235820508e-05
7,18,42,eval,11503.386659032734,0.22406160971043576,872.1066958625972,4.378906227267885,0.33197818647224864,8.529181945581872e-05
7,19,42,train,35396.112509537284,0.22424395442659986,2611.6865623230287,4.3872226709887565,0.32370929131420784,2.7794243235820508e-05
7,19,42,eval,11503.386659032734,0.22406160971043576,872.1066958625972,4.378906227267885,0.33197818647224864,8.529181945581872e-05
7,20,42,train,35396.112509537284,0.22424395442659986,2611.6865623230287,4.3872226709887565,0.32370929131420784,2.7794243235820508e-05
7,20,42,eval,11503.386659032734,0.22406160971043576,872.1066958625972,4.378906227267885,0.33197818647224864,8.529181945581872e-05
7,21,42,train,35396.112509537284,0.22424395442659986,2611.6865623230287,4.3872226709887565,0.32370929131420784,2.7794243235820508e-05
7,21,42,eval,11503.386659032734,0.22406160971043576,872.1066958625972,4.378906227267885,0.33197818647224864,8.529181945581872e-05
7,22,42,train,35396.112509537284,0.22424395442659986,2611.6865623230287,4.3872226709887565,0.32370929131420784,2.7794243235820508e-05
7,22,42,eval,11503.386659032734,0.22406160971043576,872.1066958625972,4.378906227267885,0.33197818647224864,8.529181945581872e-05
7,23,42,train,35396.112509537284,0.22424395442659986,2611.6865623230287,4.3872226709887565,0.32370929131420784,2.7794243235820508e-05
7,23,42,eval,11503.386659032734,0.22406160971043576,872.1066958625972,4.378906227267885,0.33197818647224864,8.529181945581872e-05
7,24,42,train,35396.112509537284,0.22424395442659986,2611.6865623230287,4.3872226709887565,0.32370929131420784,2.7794243235820508e-05
7,24,42,eval,11503.386659032734,0.22406160971043576,872.1066958625972,4.378906227267885,0.33197818647224864,8.529181945581872e-05
7,25,42,train,35396.112509537284,0.22424395442659986,2611.6865623230287,4.3872226709887565,0.32370929131420784,2.7794243235820508e-05
7,25,42,eval,11503.386659032734,0.22406160971043576,872.1066958625972,4.378906227267885,0.33197818647224864,8.529181945581872e-05
7,26,42,train,35396.112509537284,0.22424395442659986,2611.6865623230287,4.3872226709887565,0.32370929131420784,2.7794243235820508e-05
7,26,42,eval,11503.386659032734,0.22406160971043576,872.1066958625972,4.378906227267885,0.33197818647224864,8.529181945581872e-05
7,27,42,train,35396.112509537284,0.22424395442659986,2611.6865623230287,4.3872226709887565,0.32370929131420784,2.7794243235820508e-05
7,27,42,eval,11503.386659032734,0.22406160971043576,872.1066958625972,4.378906227267885,0.33197818647224864,8.529181945581872e-05
7,28,42,train,35396.112509537284,0.22424395442659986,2611.6865623230287,4.3872226709887565,0.32370929131420784,2.7794243235820508e-05
7,28,42,eval,11503.386659032734,0.22406160971043576,872.1066958625972,4.378906227267885,0.33197818647224864,8.529181945581872e-05
7,29,42,train,35396.112509537284,0.22424395442659986,2611.6865623230287,4.3872226709887565,0.32370929131420784,2.7794243235820508e-05
7,29,42,eval,11503.386659032734,0.22406160971043576,872.1066958625972,4.378906227267885,0.33197818647224864,8.529181945581872e-05
8,0,42,train,33336.64168694154,0.2273944792967037,2447.7210578292597,4.1319585630815,0.3033863482683763,2.818473962527314e-05
8,0,42,eval,10822.135921772897,0.22767267358237125,817.9171140798044,4.119579718984734,0.3113502527901806,8.666641552431338e-05
8,1,42,train,33336.64168694154,0.2273944792967037,2447.7210578292597,4.1319585630815,0.3033863482683763,2.818473962527314e-05
8,1,42,eval,10822.135921772897,0.22767267358237125,817.9171140798044,4.119579718984734,0.3113502527901806,8.666641552431338e-05
8,2,42,train,33336.64168694154,0.2273944792967037,2447.7210578292597,4.1319585630815,0.3033863482683763,2.818473962527314e-05
8,2,42,eval,10822.135921772897,0.22767267358237125,817.9171140798044,4.119579718984734,0.3113502527901806,8.666641552431338e-05
8,3,42,train,33336.64168694154,0.2273944792967037,2447.7210578292597,4.1319585630815,0.3033863482683763,2.818473962527314e-05
8,3,42,eval,10822.135921772897,0.22767267358237125,817.9171140798044,4.119579718984734,0.3113502527901806,8.666641552431338e-05
8,4,42,train,33336.64168694154,0.2273944792967037,2447.7210578292597,4.1319585630815,0.3033863482683763,2.818473962527314e-05
8,4,42,eval,10822.135921772895,0.22767267358237125,817.9171140798044,4.119579718984734,0.3113502527901806,8.666641552431338e-05
8,5,42,train,33336.64168694154,0.2273944792967037,2447.7210578292597,4.1319585630815,0.3033863482683763,2.818473962527314e-05
8,5,42,eval,10822.135921772895,0.22767267358237125,817.9171140798044,4.119579718984734,0.3113502527901806,8.666641552431338e-05
8,6,42,train,33336.64168694154,0.2273944792967037,2447.7210578292597,4.1319585630815,0.3033863482683763,2.818473962527314e-05
8,6,42,eval,10822.135921772897,0.22767267358237125,817.9171140798044,4.119579718984734,0.3113502527901806,8.666641552431338e-05
8,7,42,train,33336.64168694154,0.2273944792967037,2447.7210578292597,4.1319585630815,0.3033863482683763,2.818473962527314e-05
8,7,42,eval,10822.135921772897,0.22767267358237125,817.9171140798044,4.119579718984734,0.3113502527901806,8.666641552431338e-05
8,8,42,train,33336.64168694154,0.2273944792967037,2447.7210578292597,4.1319585630815,0.3033863482683763,2.818473962527314e-05
8,8,42,eval,10822.135921772897,0.22767267358237125,817.9171140798044,4.119579718984734,0.3113502527901806,8.666641552431338e-05
8,9,42,train,33336.64168694154,0.2273944792967037,2447.7210578292597,4.1319585630815,0.3033863482683763,2.818473962527314e-05
8,9,42,eval,10822.135921772895,0.22767267358237125,817.9171140798044,4.119579718984734,0.3113502527901806,8.666641552431338e-05
8,10,42,train,33336.64168694154,0.2273944792967037,2447.7210578292597,4.1319585630815,0.3033863482683763,2.818473962527314e-05
8,10,42,eval,10822.135921772895,0.22767267358237125,817.9171140798044,4.119579718984734,0.3113502527901806,8.666641552431338e-05
8,11,42,train,33336.64168694154,0.2273944792967037,2447.7210578292597,4.1319585630815,0.3033863482683763,2.818473962527314e-05
8,11,42,eval,10822.135921772897,0.22767267358237125,817.9171140798044,4.119579718984734,0.3113502527901806,8.666641552431338e-05
8,12,42,train,33336.64168694154,0.2273944792967037,2447.7210578292597,4.1319585630815,0.3033863482683763,2.818473962527314e-05
8,12,42,eval,10822.135921772897,0.22767267358237125,817.9171140798044,4.119579718984734,0.3113502527901806,8.666641552431338e-05
8,13,42,train,33336.64168694155,0.2273944792967037,2447.7210578292597,4.131958563081501,0.3033863482683763,2.818473962527314e-05
8,13,42,eval,10822.135921772897,0.22767267358237125,817.9171140798044,4.119579718984734,0.3113502527901806,8.666641552431338e-05
8,14,42,train,33336.64168694155,0.2273944792967037,2447.7210578292597,4.131958563081501,0.3033863482683763,2.818473962527314e-05
8,14,42,eval,10822.135921772897,0.22767267358237125,817.9171140798044,4.119579718984734,0.3113502527901806,8.666641552431338e-05
8,15,42,train,33336.64168694154,0.2273944792967037,2447.7210578292597,4.1319585630815,0.3033863482683763,2.818473962527314e-05
8,15,42,eval,10822.135921772897,0.22767267358237125,817.9171140798044,4.119579718984734,0.3113502527901806,8.666641552431338e-05
8,16,42,train,33336.64168694154,0.2273944792967037,2447.7210578292597,4.1319585630815,0.3033863482683763,2.818473962527314e-05
8,16,42,eval,10822.135921772895,0.22767267358237125,817.9171140798044,4.119579718984734,0.3113502527901806,8.666641552431338e-05
8,17,42,train,33336.64168694155,0.2273944792967037,2447.7210578292597,4.131958563081501,0.3033863482683763,2.818473962527314e-05
8,17,42,eval,10822.135921772895,0.22767267358237125,817.9171140798044,4.119579718984734,0.3113502527901806,8.666641552431338e-05
8,18,42,train,33336.64168694154,0.2273944792967037,2447.7210578292597,4.1319585630815,0.3033863482683763,2.818473962527314e-05
8,18,42,eval,10822.135921772895,0.22767267358237125,817.9171140798044,4.119579718984734,0.3113502527901806,8.666641552431338e-05
8,19,42,train,33336.64168694154,0.2273944792967037,2447.7210578292597,4.1319585630815,0.3033863482683763,2.818473962527314e-05
8,19,42,eval,10822.135921772895,0.22767267358237125,817.9171140798044,4.119579718984734,0.3113502527901806,8.666641552431338e-05
8,20,42,train,33336.64168694154,0.2273944792967037,2447.7210578292597,4.1319585630815,0.3033863482683763,2.818473962527314e-05
8,20,42,eval,10822.135921772895,0.22767267358237125,817.9171140798044,4.119579718984734,0.3113502527901806,8.666641552431338e-05
8,21,42,train,33336.64168694154,0.2273944792967037,2447.7210578292597,4.1319585630815,0.3033863482683763,2.818473962527314e-05
8,21,42,eval,10822.135921772895,0.22767267358237125,817.9171140798044,4.119579718984734,0.3113502527901806,8.666641552431338e-05
8,22,42,train,33336.64168694154,0.2273944792967037,2447.7210578292597,4.1319585630815,0.3033863482683763,2.818473962527314e-05
8,22,42,eval,10822.135921772895,0.22767267358237125,817.9171140798044,4.119579718984734,0.3113502527901806,8.666641552431338e-05
8,23,42,train,33336.64168694154,0.2273944792967037,2447.7210578292597,4.1319585630815,0.3033863482683763,2.818473962527314e-05
8,23,42,eval,10822.135921772895,0.22767267358237125,817.9171140798044,4.119579718984734,0.3113502527901806,8.666641552431338e-05
8,24,42,train,33336.64168694154,0.2273944792967037,2447.7210578292597,4.1319585630815,0.3033863482683763,2.818473962527314e-05
8,24,42,eval,10822.135921772897,0.22767267358237125,817.9171140798044,4.119579718984734,0.3113502527901806,8.666641552431338e-05
8,25,42,train,33336.64168694154,0.2273944792967037,2447.7210578292597,4.1319585630815,0.3033863482683763,2.818473962527314e-05
8,25,42,eval,10822.135921772895,0.22767267358237125,817.9171140798044,4.119579718984734,0.3113502527901806,8.666641552431338e-05
8,26,42,train,33336.64168694155,0.2273944792967037,2447.7210578292597,4.131958563081501,0.3033863482683763,2.818473962527314e-05
8,26,42,eval,10822.135921772895,0.22767267358237125,817.9171140798044,4.119579718984734,0.3113502527901806,8.666641552431338e-05
8,27,42,train,33336.64168694154,0.2273944792967037,2447.7210578292597,4.1319585630815,0.3033863482683763,2.818473962527314e-05
8,27,42,eval,10822.135921772895,0.22767267358237125,817.9171140798044,4.119579718984734,0.3113502527901806,8.666641552431338e-05
8,28,42,train,33336.64168694154,0.2273944792967037,2447.7210578292597,4.1319585630815,0.3033863482683763,2.818473962527314e-05
8,28,42,eval,10822.135921772897,0.22767267358237125,817.9171140798044,4.119579718984734,0.3113502527901806,8.666641552431338e-05
8,29,42,train,33336.64168694154,0.2273944792967037,2447.7210578292597,4.1319585630815,0.3033863482683763,2.818473962527314e-05
8,29,42,eval,10822.135921772897,0.22767267358237125,817.9171140798044,4.119579718984734,0.3113502527901806,8.666641552431338e-05
9,0,42,train,31334.69182672482,0.23307602713701472,2342.6668698052526,3.883823974556869,0.29036525406609476,2.888894733973906e-05
9,0,42,eval,10205.932323054414,0.23164646259795185,778.8445876930194,3.8850142074816953,0.296476812977929,8.817908739929648e-05
9,1,42,train,31334.69182672482,0.23307602713701472,2342.6668698052526,3.883823974556869,0.29036525406609476,2.888894733973906e-05
9,1,42,eval,10205.932323054414,0.23164646259795185,778.8445876930194,3.8850142074816953,0.296476812977929,8.817908739929648e-05
9,2,42,train,31334.691826724822,0.23307602713701472,2342.6668698052526,3.8838239745568695,0.29036525406609476,2.888894733973906e-05
9,2,42,eval,10205.932323054414,0.23164646259795185,778.8445876930194,3.8850142074816953,0.296476812977929,8.817908739929648e-05
9,3,42,train,31334.691826724822,0.23307602713701472,2342.6668698052526,3.8838239745568695,0.29036525406609476,2.888894733973906e-05
9,3,42,eval,10205.932323054414,0.23164646259795185,778.8445876930194,3.8850142074816953,0.296476812977929,8.817908739929648e-05
9,4,42,train,31334.691826724822,0.23307602713701472,2342.6668698052526,3.8838239745568695,0.29036525406609476,2.888894733973906e-05
9,4,42,eval,10205.932323054414,0.23164646259795185,778.8445876930194,3.8850142074816953,0.296476812977929,8.817908739929648e-05
9,5,42,train,31334.691826724822,0.23307602713701472,2342.6668698052526,3.8838239745568695,0.29036525406609476,2.888894733973906e-05
9,5,42,eval,10205.932323054414,0.23164646259795185,778.8445876930194,3.8850142074816953,0.296476812977929,8.817908739929648e-05
9,6,42,train,31334.69182672482,0.23307602713701472,2342.6668698052526,3.883823974556869,0.29036525406609476,2.888894733973906e-05
9,6,42,eval,10205.932323054414,0.23164646259795185,778.8445876930194,3.8850142074816953,0.296476812977929,8.817908739929648e-05
9,7,42,train,31334.691826724822,0.23307602713701472,2342.6668698052526,3.8838239745568695,0.29036525406609476,2.888894733973906e-05
9,7,42,eval,10205.932323054414,0.23164646259795185,778.8445876930194,3.8850142074816953,0.296476812977929,8.817908739929648e-05
9,8,42,train,31334.691826724822,0.23307602713701472,2342.6668698052526,3.8838239745568695,0.29036525406609476,2.888894733973906e-05
9,8,42,eval,10205.932323054414,0.23164646259795185,778.8445876930194,3.8850142074816953,0.296476812977929,8.817908739929648e-05
9,9,42,train,31334.691826724822,0.23307602713701472,2342.6668698052526,3.8838239745568695,0.29036525406609476,2.888894733973906e-05
9,9,42,eval,10205.932323054414,0.23164646259795185,778.8445876930194,3.8850142074816953,0.296476812977929,8.817908739929648e-05
9,10,42,train,31334.69182672482,0.23307602713701472,2342.6668698052526,3.883823974556869,0.29036525406609476,2.888894733973906e-05
9,10,42,eval,10205.932323054414,0.23164646259795185,778.8445876930194,3.8850142074816953,0.296476812977929,8.817908739929648e-05
9,11,42,train,31334.691826724822,0.23307602713701472,2342.6668698052526,3.8838239745568695,0.29036525406609476,2.888894733973906e-05
9,11,42,eval,10205.932323054412,0.23164646259795185,778.8445876930194,3.885014207481695,0.296476812977929,8.817908739929648e-05
9,12,42,train,31334.691826724822,0.23307602713701472,2342.6668698052526,3.8838239745568695,0.29036525406609476,2.888894733973906e-05
9,12,42,eval,10205.932323054412,0.23164646259795185,778.8445876930194,3.885014207481695,0.296476812977929,8.817908739929648e-05
9,13,42,train,31334.69182672482,0.23307602713701472,2342.6668698052526,3.883823974556869,0.29036525406609476,2.888894733973906e-05
9,13,42,eval,10205.932323054414,0.23164646259795185,778.8445876930194,3.8850142074816953,0.296476812977929,8.817908739929648e-05
9,14,42,train,31334.691826724822,0.23307602713701472,2342.6668698052526,3.8838239745568695,0.29036525406609476,2.888894733973906e-05
9,14,42,eval,10205.932323054412,0.23164646259795185,778.8445876930194,3.885014207481695,0.296476812977929,8.817908739929648e-05
9,15,42,train,31334.691826724822,0.23307602713701472,2342.6668698052526,3.8838239745568695,0.29036525406609476,2.888894733973906e-05
9,15,42,eval,10205.932323054414,0.23164646259795185,778.8445876930194,3.8850142074816953,0.296476812977929,8.817908739929648e-05
9,16,42,train,31334.69182672482,0.23307602713701472,2342.6668698052526,3.883823974556869,0.29036525406609476,2.888894733973906e-05
9,16,42,eval,10205.932323054414,0.23164646259795185,778.8445876930194,3.8850142074816953,0.296476812977929,8.817908739929648e-05
9,17,42,train,31334.691826724822,0.23307602713701472,2342.6668698052526,3.8838239745568695,0.29036525406609476,2.888894733973906e-05
9,17,42,eval,10205.932323054414,0.23164646259795185,778.8445876930194,3.8850142074816953,0.296476812977929,8.817908739929648e-05
9,18,42,train,31334.69182672482,0.23307602713701472,2342.6668698052526,3.883823974556869,0.29036525406609476,2.888894733973906e-05
9,18,42,eval,10205.932323054414,0.23164646259795185,778.8445876930194,3.8850142074816953,0.296476812977929,8.817908739929648e-05
9,19,42,train,31334.69182672482,0.23307602713701472,2342.6668698052526,3.883823974556869,0.29036525406609476,2.888894733973906e-05
9,19,42,eval,10205.932323054414,0.23164646259795185,778.8445876930194,3.8850142074816953,0.296476812977929,8.817908739929648e-05
9,20,42,train,31334.691826724822,0.23307602713701472,2342.6668698052526,3.8838239745568695,0.29036525406609476,2.888894733973906e-05
9,20,42,eval,10205.932323054412,0.23164646259795185,778.8445876930194,3.885014207481695,0.296476812977929,8.817908739929648e-05
9,21,42,train,31334.69182672482,0.23307602713701472,2342.6668698052526,3.883823974556869,0.29036525406609476,2.888894733973906e-05
9,21,42,eval,10205.932323054412,0.23164646259795185,778.8445876930194,3.885014207481695,0.296476812977929,8.817908739929648e-05
9,22,42,train,31334.691826724822,0.23307602713701472,2342.6668698052526,3.8838239745568695,0.29036525406609476,2.888894733973906e-05
9,22,42,eval,10205.932323054414,0.23164646259795185,778.8445876930194,3.8850142074816953,0.296476812977929,8.817908739929648e-05
9,23,42,train,31334.69182672482,0.23307602713701472,2342.6668698052526,3.883823974556869,0.29036525406609476,2.888894733973906e-05
9,23,42,eval,10205.932323054414,0.23164646259795185,778.8445876930194,3.8850142074816953,0.296476812977929,8.817908739929648e-05
9,24,42,train,31334.69182672482,0.23307602713701472,2342.6668698052526,3.883823974556869,0.29036525406609476,2.888894733973906e-05
9,24,42,eval,10205.932323054412,0.23164646259795185,778.8445876930194,3.885014207481695,0.296476812977929,8.817908739929648e-05
9,25,42,train,31334.69182672482,0.23307602713701472,2342.6668698052526,3.883823974556869,0.29036525406609476,2.888894733973906e-05
9,25,42,eval,10205.932323054414,0.23164646259795185,778.8445876930194,3.8850142074816953,0.296476812977929,8.817908739929648e-05
9,26,42,train,31334.69182672482,0.23307602713701472,2342.6668698052526,3.883823974556869,0.29036525406609476,2.888894733973906e-05
9,26,42,eval,10205.932323054414,0.23164646259795185,778.8445876930194,3.8850142074816953,0.296476812977929,8.817908739929648e-05
9,27,42,train,31334.691826724822,0.23307602713701472,2342.6668698052526,3.8838239745568695,0.29036525406609476,2.888894733973906e-05
9,27,42,eval,10205.932323054412,0.23164646259795185,778.8445876930194,3.885014207481695,0.296476812977929,8.817908739929648e-05
9,28,42,train,31334.691826724822,0.23307602713701472,2342.6668698052526,3.8838239745568695,0.29036525406609476,2.888894733973906e-05
9,28,42,eval,10205.932323054414,0.23164646259795185,778.8445876930194,3.8850142074816953,0.296476812977929,8.817908739929648e-05
9,29,42,train,31334.69182672482,0.23307602713701472,2342.6668698052526,3.883823974556869,0.29036525406609476,2.888894733973906e-05
9,29,42,eval,10205.932323054414,0.23164646259795185,778.8445876930194,3.8850142074816953,0.296476812977929,8.817908739929648e-05
10,0,42,train,29800.81704758428,0.23563244238850742,2235.363950011168,3.693705633066966,0.27706543753237084,2.920580594800538e-05
10,0,42,eval,9726.361081734794,0.23419519723222748,740.9217296628871,3.7024594905728185,0.2820410086269079,8.914929472106108e-05
10,1,42,train,29800.81704758428,0.23563244238850742,2235.363950011168,3.693705633066966,0.27706543753237084,2.920580594800538e-05
10,1,42,eval,9726.361081734794,0.23419519723222748,740.9217296628871,3.7024594905728185,0.2820410086269079,8.914929472106108e-05
10,2,42,train,29800.81704758428,0.23563244238850742,2235.363950011168,3.693705633066966,0.27706543753237084,2.920580594800538e-05
10,2,42,eval,9726.361081734794,0.23419519723222748,740.9217296628871,3.7024594905728185,0.2820410086269079,8.914929472106108e-05
10,3,42,train,29800.81704758428,0.23563244238850742,2235.363950011168,3.693705633066966,0.27706543753237084,2.920580594800538e-05
10,3,42,eval,9726.361081734794,0.23419519723222748,740.9217296628871,3.7024594905728185,0.2820410086269079,8.914929472106108e-05
10,4,42,train,29800.81704758428,0.23563244238850742,2235.363950011168,3.693705633066966,0.27706543753237084,2.920580594800538e-05
10,4,42,eval,9726.361081734794,0.23419519723222748,740.9217296628871,3.7024594905728185,0.2820410086269079,8.914929472106108e-05
10,5,42,train,29800.81704758428,0.23563244238850742,2235.363950011168,3.693705633066966,0.27706543753237084,2.920580594800538e-05
10,5,42,eval,9726.361081734794,0.23419519723222748,740.9217296628871,3.7024594905728185,0.2820410086269079,8.914929472106108e-05
10,6,42,train,29800.81704758428,0.23563244238850742,2235.363950011168,3.693705633066966,0.27706543753237084,2.920580594800538e-05
10,6,42,eval,9726.361081734794,0.23419519723222748,740.9217296628871,3.7024594905728185,0.2820410086269079,8.914929472106108e-05
10,7,42,train,29800.81704758428,0.23563244238850742,2235.363950011168,3.693705633066966,0.27706543753237084,2.920580594800538e-05
10,7,42,eval,9726.361081734794,0.23419519723222748,740.9217296628871,3.7024594905728185,0.2820410086269079,8.914929472106108e-05
10,8,42,train,29800.81704758428,0.23563244238850742,2235.363950011168,3.693705633066966,0.27706543753237084,2.920580594800538e-05
10,8,42,eval,9726.361081734794,0.23419519723222748,740.9217296628871,3.7024594905728185,0.2820410086269079,8.914929472106108e-05
10,9,42,train,29800.81704758428,0.23563244238850742,2235.363950011168,3.693705633066966,0.27706543753237084,2.920580594800538e-05
10,9,42,eval,9726.361081734794,0.23419519723222748,740.9217296628871,3.7024594905728185,0.2820410086269079,8.914929472106108e-05
10,10,42,train,29800.817047584278,0.23563244238850742,2235.363950011168,3.6937056330669655,0.27706543753237084,2.920580594800538e-05
10,10,42,eval,9726.361081734794,0.23419519723222748,740.9217296628871,3.7024594905728185,0.2820410086269079,8.914929472106108e-05
10,11,42,train,29800.81704758428,0.23563244238850742,2235.363950011168,3.693705633066966,0.27706543753237084,2.920580594800538e-05
10,11,42,eval,9726.361081734794,0.23419519723222748,740.9217296628871,3.7024594905728185,0.2820410086269079,8.914929472106108e-05
10,12,42,train,29800.81704758428,0.23563244238850742,2235.363950011168,3.693705633066966,0.27706543753237084,2.920580594800538e-05
10,12,42,eval,9726.361081734794,0.23419519723222748,740.9217296628871,3.7024594905728185,0.2820410086269079,8.914929472106108e-05
10,13,42,train,29800.81704758428,0.23563244238850742,2235.363950011168,3.693705633066966,0.27706543753237084,2.920580594800538e-05
10,13,42,eval,9726.361081734794,0.23419519723222748,740.9217296628871,3.7024594905728185,0.2820410086269079,8.914929472106108e-05
10,14,42,train,29800.81704758428,0.23563244238850742,2235.363950011168,3.693705633066966,0.27706543753237084,2.920580594800538e-05
10,14,42,eval,9726.361081734794,0.23419519723222748,740.9217296628871,3.7024594905728185,0.2820410086269079,8.914929472106108e-05
10,15,42,train,29800.81704758428,0.23563244238850742,2235.363950011168,3.693705633066966,0.27706543753237084,2.920580594800538e-05
10,15,42,eval,9726.361081734794,0.23419519723222748,740.9217296628871,3.7024594905728185,0.2820410086269079,8.914929472106108e-05
10,16,42,train,29800.81704758428,0.23563244238850742,2235.363950011168,3.693705633066966,0.27706543753237084,2.920580594800538e-05
10,16,42,eval,9726.361081734794,0.23419519723222748,740.9217296628871,3.7024594905728185,0.2820410086269079,8.914929472106108e-05
10,17,42,train,29800.81704758428,0.23563244238850742,2235.363950011168,3.693705633066966,0.27706543753237084,2.920580594800538e-05
10,17,42,eval,9726.361081734794,0.23419519723222748,740.9217296628871,3.7024594905728185,0.2820410086269079,8.914929472106108e-05
10,18,42,train,29800.81704758428,0.23563244238850742,2235.363950011168,3.693705633066966,0.27706543753237084,2.920580594800538e-05
10,18,42,eval,9726.361081734794,0.23419519723222748,740.9217296628871,3.7024594905728185,0.2820410086269079,8.914929472106108e-05
10,19,42,train,29800.81704758428,0.23563244238850742,2235.363950011168,3.693705633066966,0.27706543753237084,2.920580594800538e-05
10,19,42,eval,9726.361081734794,0.23419519723222748,740.9217296628871,3.7024594905728185,0.2820410086269079,8.914929472106108e-05
10,20,42,train,29800.81704758428,0.23563244238850742,2235.363950011168,3.693705633066966,0.27706543753237084,2.920580594800538e-05
10,20,42,eval,9726.361081734794,0.23419519723222748,740.9217296628871,3.7024594905728185,0.2820410086269079,8.914929472106108e-05
10,21,42,train,29800.81704758428,0.23563244238850742,2235.363950011168,3.693705633066966,0.27706543753237084,2.920580594800538e-05
10,21,42,eval,9726.361081734794,0.23419519723222748,740.9217296628871,3.7024594905728185,0.2820410086269079,8.914929472106108e-05
10,22,42,train,29800.81704758428,0.23563244238850742,2235.363950011168,3.693705633066966,0.27706543753237084,2.920580594800538e-05
10,22,42,eval,9726.361081734794,0.23419519723222748,740.9217296628871,3.7024594905728185,0.2820410086269079,8.914929472106108e-05
10,23,42,train,29800.81704758428,0.23563244238850742,2235.363950011168,3.693705633066966,0.27706543753237084,2.920580594800538e-05
10,23,42,eval,9726.361081734794,0.23419519723222748,740.9217296628871,3.7024594905728185,0.2820410086269079,8.914929472106108e-05
10,24,42,train,29800.81704758428,0.23563244238850742,2235.363950011168,3.693705633066966,0.27706543753237084,2.920580594800538e-05
10,24,42,eval,9726.361081734794,0.23419519723222748,740.9217296628871,3.7024594905728185,0.2820410086269079,8.914929472106108e-05
10,25,42,train,29800.81704758428,0.23563244238850742,2235.363950011168,3.693705633066966,0.27706543753237084,2.920580594800538e-05
10,25,42,eval,9726.361081734794,0.23419519723222748,740.9217296628871,3.7024594905728185,0.2820410086269079,8.914929472106108e-05
10,26,42,train,29800.81704758428,0.23563244238850742,2235.363950011168,3.693705633066966,0.27706543753237084,2.920580594800538e-05
10,26,42,eval,9726.361081734794,0.23419519723222748,740.9217296628871,3.7024594905728185,0.2820410086269079,8.914929472106108e-05
10,27,42,train,29800.81704758428,0.23563244238850742,2235.363950011168,3.693705633066966,0.27706543753237084,2.920580594800538e-05
10,27,42,eval,9726.361081734794,0.23419519723222748,740.9217296628871,3.7024594905728185,0.2820410086269079,8.914929472106108e-05
10,28,42,train,29800.81704758428,0.23563244238850742,2235.363950011168,3.693705633066966,0.27706543753237084,2.920580594800538e-05
10,28,42,eval,9726.361081734794,0.23419519723222748,740.9217296628871,3.7024594905728185,0.2820410086269079,8.914929472106108e-05
10,29,42,train,29800.81704758428,0.23563244238850742,2235.363950011168,3.693705633066966,0.27706543753237084,2.920580594800538e-05
10,29,42,eval,9726.361081734794,0.23419519723222748,740.9217296628871,3.7024594905728185,0.2820410086269079,8.914929472106108e-05
